{
    "point1": {
        "eye": [
            1.5913380657333591,
            0.5675165800853588,
            1.4461307912247618
        ],
        "look": [
            1.5175843183690552,
            0.6536862788877953,
            3.115148530411373
        ],
        "up": [
            0.002274011192576875,
            0.9986724694353316,
            -0.051459961766724
        ]
    },
    "point3": {
        "eye": [
            1.8032428031900278,
            0.7112160624151027,
            4.690793203024624
        ],
        "look": [
            4.814900518152415,
            0.6231811551271789,
            5.04719305408201
        ],
        "up": [
            0.028815526764910424,
            0.9995789298991928,
            0.0034100320883517837
        ]
    },
    "point4": {
        "eye": [
            2.8863281979433704,
            0.5824833023196051,
            5.194969542558047
        ],
        "look": [
            2.9035803922805528,
            0.5840471739387122,
            5.17737461787904
        ],
        "up": [
            -0.04434317891320935,
            0.9979922162143239,
            0.04522409600523133
        ]
    },
    "point5": {
        "eye": [
            2.82376626220007,
            0.9867275886895841,
            1.9893957117327281
        ],
        "look": [
            3.860648159048419,
            1.0183454520279056,
            0.3065770597423785
        ],
        "up": [
            -0.008390011303809446,
            0.9998720889694449,
            0.013616659289141648
        ]
    },
    "point6": {
        "eye": [
            2.82376626220007,
            0.9867275886895841,
            1.989395711732728
        ],
        "look": [
            4.7455599722347594,
            0.8311620995899078,
            2.4258710116671254
        ],
        "up": [
            0.07673863862655077,
            0.996898901072609,
            0.01742878027760802
        ]
    },
    "point8": {
        "eye": [
            7.209149695451012,
            0.6320502086881672,
            5.029374365071361
        ],
        "look": [
            7.200624252123635,
            0.8616178745526648,
            6.745274534668705
        ],
        "up": [
            0.0006588409877873214,
            0.9911689178126669,
            -0.13260370390987644
        ]
    },
    "point9": {
        "eye": [
            6.757622904222644,
            0.5686391442272569,
            6.045924742293625
        ],
        "look": [
            6.12021421572838,
            0.5889417847629405,
            6.601170589948424
        ],
        "up": [
            0.018104631651428078,
            0.9997117086387783,
            -0.015770920179206883
        ]
    },
    "point10": {
        "eye": [
            2.868176236295885,
            0.8212743157835621,
            6.077690568779755
        ],
        "look": [
            -0.06128840848262662,
            0.877834868416568,
            5.911969470459803
        ],
        "up": [
            0.019242304916984806,
            0.9998142571347516,
            0.0010885456189856824
        ]
    },
    "point11": {
        "eye": [
            1.31625351727501,
            0.600825081246309,
            4.658608794061834
        ],
        "look": [
            0.40878267644775845,
            1.4722507539240608,
            7.081279581710616
        ],
        "up": [
            0.11197345422612183,
            0.9476812742992724,
            -0.29893502285810264
        ]
    },
    "point12": {
        "eye": [
            1.1835130840473298,
            3.683542059472749,
            9.795114571494164
        ],
        "look": [
            1.263999922029566,
            3.9794438113676285,
            11.725778377429885
        ],
        "up": [
            -0.006304807426573223,
            0.9884776612482387,
            -0.1512354542312209
        ]
    },
    "point13": {
        "eye": [
            2.0867089720238523,
            3.9252090082536277,
            11.814957226290618
        ],
        "look": [
            2.214309230513892,
            3.8645486654307875,
            15.06755188759711
        ],
        "up": [
            0.0007303873692653287,
            0.9998264043396992,
            0.01861794079472647
        ]
    },
    "point14": {
        "eye": [
            1.1543703977437016,
            3.836434416099206,
            15.91999985167425
        ],
        "look": [
            1.28030528191357,
            4.192526655413294,
            11.654017388138227
        ],
        "up": [
            -0.0024534977276764176,
            0.9965372730544388,
            0.08311103273403381
        ]
    },
    "point15": {
        "eye": [
            1.7394218545561537,
            4.102656003967841,
            11.583538201148896
        ],
        "look": [
            1.796929304262943,
            4.094687375634469,
            7.694487187922149
        ],
        "up": [
            0.000030291762124157266,
            0.9999979012845975,
            -0.00204853821160889
        ]
    },
    "point16": {
        "eye": [
            2.004736377024034,
            4.477596439074283,
            6.202788014557364
        ],
        "look": [
            2.0048035321002393,
            4.471689150322394,
            6.176076581649138
        ],
        "up": [
            0.0005428767531776652,
            0.9764079696801746,
            -0.21593328143170534
        ]
    },
    "point17": {
        "eye": [
            3.086882948464666,
            4.841478020441106,
            1.3686129425861657
        ],
        "look": [
            1.657769657254669,
            2.6003146749907495,
            4.012566985803955
        ],
        "up": [
            -0.2842508634604044,
            0.8016536898833648,
            0.5258828844128706
        ]
    },
    "point18": {
        "eye": [
            1.724542599150673,
            4.402007815782535,
            6.290465704907271
        ],
        "look": [
            -0.11052601128211026,
            3.2053147505748947,
            11.157675492072402
        ],
        "up": [
            -0.07909569340439386,
            0.9745423929313471,
            0.2097879778836712
        ]
    },
    "point19": {
        "eye": [
            1.6890295492730385,
            3.5732179119333223,
            8.640907248606101
        ],
        "look": [
            2.6891248258563065,
            3.7250064655447575,
            9.409217037554646
        ],
        "up": [
            -0.09476027288344037,
            0.9928347782225453,
            -0.07279830928561344
        ]
    },
    "point20": {
        "eye": [
            2.615433185535503,
            4.351723118611771,
            9.272078549935106
        ],
        "look": [
            4.52964165695829,
            3.578416648287112,
            8.248307642924344
        ],
        "up": [
            0.295913435062487,
            0.9420128426069542,
            -0.1582625771086878
        ]
    }
}