{
    "point1": {
        "eye": [
            1.4818620573806374,
            1.849221590576608,
            0.989708780362032
        ],
        "look": [
            1.5765006235522814,
            1.7381772339196018,
            1.8169575836257632
        ],
        "up": [
            0.015025090689191611,
            0.9912239895661089,
            0.13133639692954238
        ]
    },
    "point2": {
        "eye": [
            0.553126595608349,
            2.0774301182193775,
            5.109900614496328
        ],
        "look": [
            5.310383536249937,
            1.4466344416192882,
            5.412185526714459
        ],
        "up": [
            0.13092197625088406,
            0.9913577709193802,
            0.008319024722070648
        ]
    },
    "point3": {
        "eye": [
            2.866782081526051,
            1.5854012984256087,
            5.1955025068058776
        ],
        "look": [
            3.5785968531615935,
            1.5110241582653614,
            4.397920358422589
        ],
        "up": [
            0.046214789125419105,
            0.9975884357014437,
            -0.05178326197565542
        ]
    },
    "point4": {
        "eye": [
            3.004730703676396,
            1.9772557873909313,
            2.147609356669694
        ],
        "look": [
            3.349897292760616,
            1.7810494133265793,
            1.5449145629570686
        ],
        "up": [
            0.13510729317524164,
            0.9623368439500963,
            -0.23591061465527657
        ]
    },
    "point5": {
        "eye": [
            3.1297133923413454,
            2.0534998456589633,
            2.1590650420464566
        ],
        "look": [
            3.703300607853732,
            1.934641006501179,
            2.404029169120396
        ],
        "up": [
            0.1721568535216208,
            0.9823218838974898,
            0.0735236982314001
        ]
    },
    "point6": {
        "eye": [
            6.9892662554111284,
            2.0469042659353898,
            4.934849114331215
        ],
        "look": [
            6.95183042861303,
            1.8632309664438311,
            5.516762340835877
        ],
        "up": [
            -0.01928775974574464,
            0.9538025303701229,
            0.29981446826921004
        ]
    },
    "point7": {
        "eye": [
            6.675535115206482,
            1.9444132794949913,
            6.16488802873972
        ],
        "look": [
            5.745059936971616,
            1.611613357281345,
            6.614217757265082
        ],
        "up": [
            -0.27606668711716725,
            0.9518480318888637,
            0.13331357190266166
        ]
    },
    "point8": {
        "eye": [
            3.1336447167464345,
            1.962702239043074,
            6.3190089845964925
        ],
        "look": [
            0.05831468862069,
            1.4567156219660506,
            6.061068992052871
        ],
        "up": [
            -0.16122882435223368,
            0.9868244005586425,
            -0.013522893923877165
        ]
    },
    "point9": {
        "eye": [
            1.1335778960595004,
            1.7244146061848644,
            4.663984741109642
        ],
        "look": [
            0.9219046464839522,
            1.93208302273052,
            5.327065565937167
        ],
        "up": [
            0.08694449078792413,
            0.9582593319917891,
            -0.272359520069119
        ]
    },
    "point10": {
        "eye": [
            1.146714515013693,
            4.927345974003424,
            9.883217113504015
        ],
        "look": [
            1.3130324051238211,
            4.755805970414839,
            10.620184644180624
        ],
        "up": [
            0.048743620851358416,
            0.9751788396866787,
            0.21598678212715
        ]
    },
    "point11": {
        "eye": [
            1.8153175696367398,
            4.92917426149938,
            12.11870822440838
        ],
        "look": [
            1.833644037934885,
            4.745258943134102,
            12.869910091296749
        ],
        "up": [
            0.005798176920912019,
            0.9713293258697453,
            0.23766725026772229
        ]
    },
    "point12": {
        "eye": [
            1.318754667689353,
            4.68145400599846,
            15.734434708848339
        ],
        "look": [
            1.3159886436943107,
            4.631039497635371,
            14.66866359391638
        ],
        "up": [
            -0.00012262960227845104,
            0.998883079717085,
            -0.04725016419959593
        ]
    },
    "point13": {
        "eye": [
            1.8715906487278726,
            5.027552031148503,
            11.26880490426081
        ],
        "look": [
            1.852857052719735,
            4.829942763239673,
            10.580258823511002
        ],
        "up": [
            -0.0075000852795184545,
            0.9612251582666917,
            -0.2756627356680091
        ]
    },
    "point14": {
        "eye": [
            1.9779134694660085,
            4.968203720196687,
            6.042857761856952
        ],
        "look": [
            1.7077000878559345,
            4.1637315549260645,
            -0.037354481405023066
        ],
        "up": [
            -0.005817848220991677,
            0.9913771280481919,
            -0.13091043741808744
        ]
    },
    "point15": {
        "eye": [
            2.645434211868194,
            4.956476395234989,
            0.8826551043592035
        ],
        "look": [
            2.2973844610222,
            4.238897291802639,
            4.826703555340948
        ],
        "up": [
            -0.01567616462772213,
            0.9839706770467331,
            0.1776399858555548
        ]
    },
    "point16": {
        "eye": [
            1.8764453290325531,
            5.1319638272513295,
            6.386726288628235
        ],
        "look": [
            1.918823517235086,
            4.982637370803441,
            6.938817576845575
        ],
        "up": [
            0.019927886244992307,
            0.9655065730814407,
            0.25961497777736275
        ]
    },
    "point17": {
        "eye": [
            1.4851865586497242,
            4.822157059317062,
            8.93677684018663
        ],
        "look": [
            2.25385341451094,
            4.664139338198738,
            9.4042507307925
        ],
        "up": [
            0.14780644811534951,
            0.9849228380758678,
            0.08989024937168427
        ]
    },
    "point18": {
        "eye": [
            2.7145447051488025,
            5.034063280739059,
            9.234151034941883
        ],
        "look": [
            3.133465073741899,
            4.585219495185582,
            8.956700743571988
        ],
        "up": [
            0.5554219903845455,
            0.745780825567738,
            -0.3678550975761645
        ]
    },
    "point19": {
        "eye": [
            3.742480660781127,
            4.998619190099786,
            7.063110442345049
        ],
        "look": [
            3.6863447504771427,
            4.943721694782853,
            7.285410342907025
        ],
        "up": [
            -0.05701151937428407,
            0.9725115913605734,
            0.22576733893094117
        ]
    },
    "point20": {
        "eye": [
            1.9833048910839786,
            5.0328595415443695,
            9.141518481726958
        ],
        "look": [
            1.5399078053167128,
            4.577490605235292,
            9.718920436667084
        ],
        "up": [
            -0.3229851000442565,
            0.8478073938481222,
            0.42059867817892344
        ]
    }
}